{"cameraMode":{"drawMode":0,"name":"Shaded","section":"Shading Mode"},"sceneLighting":true,"audioPlay":false,"sceneViewState":{"m_AlwaysRefresh":true,"showFog":true,"showSkybox":true,"showFlares":true,"showImageEffects":true,"showParticleSystems":true,"showVisualEffectGraphs":true,"m_FxEnabled":true},"in2DMode":false,"pivot":{"x":155.42330932617188,"y":122.8643798828125,"z":97.52474975585938},"rotation":{"x":0.07342837750911713,"y":0.011967100203037262,"z":-0.0008813110180199146,"w":0.9972275495529175},"size":285.73126220703127,"orthographic":false}